title,description
Tarefa 1,Descrição da tarefa 1
Tarefa 2,Descrição da tarefa 2
Tarefa 3,Descrição da tarefa 3
Tarefa 4,Descrição da tarefa 4
Tarefa 5,Descrição da tarefa 5
Tarefa 6,Descrição da tarefa 6
Tarefa 7,Descrição da tarefa 7
Tarefa 8,Descrição da tarefa 8
Tarefa 9,Descrição da tarefa 9
Tarefa 10,Descrição da tarefa 10
Tarefa 11,Descrição da tarefa 11
Tarefa 12,Descrição da tarefa 12
Tarefa 13,Descrição da tarefa 13
Tarefa 14,Descrição da tarefa 14
Tarefa 15,Descrição da tarefa 15
Tarefa 16,Descrição da tarefa 16
Tarefa 17,Descrição da tarefa 17
Tarefa 18,Descrição da tarefa 18
Tarefa 19,Descrição da tarefa 19
Tarefa 20,Descrição da tarefa 20
Tarefa 21,Descrição da tarefa 21
Tarefa 22,Descrição da tarefa 22
Tarefa 23,Descrição da tarefa 23
Tarefa 24,Descrição da tarefa 24
Tarefa 25,Descrição da tarefa 25
Tarefa 26,Descrição da tarefa 26
Tarefa 27,Descrição da tarefa 27
Tarefa 28,Descrição da tarefa 28
Tarefa 29,Descrição da tarefa 29
Tarefa 30,Descrição da tarefa 30
Tarefa 31,Descrição da tarefa 31
Tarefa 32,Descrição da tarefa 32
Tarefa 33,Descrição da tarefa 33
Tarefa 34,Descrição da tarefa 34
Tarefa 35,Descrição da tarefa 35
Tarefa 36,Descrição da tarefa 36
Tarefa 37,Descrição da tarefa 37
Tarefa 38,Descrição da tarefa 38
Tarefa 39,Descrição da tarefa 39
Tarefa 40,Descrição da tarefa 40
Tarefa 41,Descrição da tarefa 41
Tarefa 42,Descrição da tarefa 42
Tarefa 43,Descrição da tarefa 43
Tarefa 44,Descrição da tarefa 44
Tarefa 45,Descrição da tarefa 45
Tarefa 46,Descrição da tarefa 46
Tarefa 47,Descrição da tarefa 47
Tarefa 48,Descrição da tarefa 48
Tarefa 49,Descrição da tarefa 49
Tarefa 50,Descrição da tarefa 50
Tarefa 51,Descrição da tarefa 51
Tarefa 52,Descrição da tarefa 52
Tarefa 53,Descrição da tarefa 53
Tarefa 54,Descrição da tarefa 54
Tarefa 55,Descrição da tarefa 55
Tarefa 56,Descrição da tarefa 56
Tarefa 57,Descrição da tarefa 57
Tarefa 58,Descrição da tarefa 58
Tarefa 59,Descrição da tarefa 59
Tarefa 60,Descrição da tarefa 60
Tarefa 61,Descrição da tarefa 61
Tarefa 62,Descrição da tarefa 62
Tarefa 63,Descrição da tarefa 63
Tarefa 64,Descrição da tarefa 64
Tarefa 65,Descrição da tarefa 65
Tarefa 66,Descrição da tarefa 66
Tarefa 67,Descrição da tarefa 67
Tarefa 68,Descrição da tarefa 68
Tarefa 69,Descrição da tarefa 69
Tarefa 70,Descrição da tarefa 70
Tarefa 71,Descrição da tarefa 71
Tarefa 72,Descrição da tarefa 72
Tarefa 73,Descrição da tarefa 73
Tarefa 74,Descrição da tarefa 74
Tarefa 75,Descrição da tarefa 75
Tarefa 76,Descrição da tarefa 76
Tarefa 77,Descrição da tarefa 77
Tarefa 78,Descrição da tarefa 78
Tarefa 79,Descrição da tarefa 79
Tarefa 80,Descrição da tarefa 80
Tarefa 81,Descrição da tarefa 81
Tarefa 82,Descrição da tarefa 82
Tarefa 83,Descrição da tarefa 83
Tarefa 84,Descrição da tarefa 84
Tarefa 85,Descrição da tarefa 85
Tarefa 86,Descrição da tarefa 86
Tarefa 87,Descrição da tarefa 87
Tarefa 88,Descrição da tarefa 88
Tarefa 89,Descrição da tarefa 89
Tarefa 90,Descrição da tarefa 90
Tarefa 91,Descrição da tarefa 91
Tarefa 92,Descrição da tarefa 92
Tarefa 93,Descrição da tarefa 93
Tarefa 94,Descrição da tarefa 94
Tarefa 95,Descrição da tarefa 95
Tarefa 96,Descrição da tarefa 96
Tarefa 97,Descrição da tarefa 97
Tarefa 98,Descrição da tarefa 98
Tarefa 99,Descrição da tarefa 99
Tarefa 100,Descrição da tarefa 100
